tags,tf-idf
"['python', 'sqlalchemy', 'cx-freeze']","['sqla', 'idw', 'svn', 'fccc', 'cx', 'Freeze', 'py', 'File', 'apps', 'shared', 'dbapi', 'jobs', 'base', 'Anaconda', 'engine', 'C', 'packages', 'sys', 'pyodbc', 'executables']"
"['python', 'statistics', 'probability']","['log', 'math', 'P', 'probabilities', 'M', 'i', 'probability', 'we', 'Sum', 'exp', 'evaluate', 's', 'N', 'sum', 'D', 'zero', 'least', 'negative', 'prob', 'evaluating']"
"['python', 'python-3.x', 'python-2.7']","['PM', 'Weekday', 'YALEV', 'YALE', 'K', 'Lunch', 'Dinner', 'AM', 'B', 'Thursday', 'SPECIALS', 'CHICKEN', 'Wednesday', 'BREADS', 'Tuesday', 'VEGETABLE', 'DESSERTS', 'Starter', 'RICE', 'NAAN']"
"['python', 'pytorch', 'tensor']","['rgb', 'tensor', 'xNxN', 'representing', 'Pytorch', 'vector', 'multiply', 'RGB', 'image', 'weights', 'three', 'reshape', 'sum', 'summed', 'luminance', 'NxN', 'broadcastable', 'channels', 'torch', 'guess']"
"['python', 'selenium']","['div', 'pag', 'button', ""Page'"", 'metrolyrics', 'onmousedown', 'artists', 'click', 'ev', 'html', 'p', 'span', 'href', 'class', 'element', 'info', 'ebfb', 'onetrust', 'Selenium', 'Element']"
"['python', 'canvas', 'tkinter']","['self', 'ball', 'canvas', 'coords', 'v', 'random', 'y', 'R', 'balls', 'color', 'x', 'move', 'randint', 'randrange', 'oval', 'choice', 'WIDTH', 'HEIGHT', 'Ball', 'Balls']"
['python'],"['model', 'kf', 'Y', 'encoder', 'Dense', 'dataset', 'activation', 'baseline', 'estimator', 'encoded', 'dummy', 'Index', 'X', 'index', 'dataframe', 'merodata', 'Neural', 'fake', 'suffering', 'cosine']"
"['python', 'rasa', 'pep']","['ujson', 'build', 'double', 'amd', 'wheel', 'conversion', 'deps', 'win', 'Release', 'claudiu', 'temp', 'started', 'creating', 'status', 'finished', 'bignum', 'poetry', 'programs', 'dtoa', 'appdata']"
['python'],"['gcc', 'Harsha', 'pip', 'install', 'resolve', 'ERROR', 'version', 'satisfies', 'ugraded', 'Users', 'versions', 'pypi', 'distribution', 'getting', 'none', 'cmd', 'i', 'explain', 'matching', 'error']"
"['python', 'plotly-dash']","['dbc', ""px'"", 'Col', 'style', 'State', 'id', 'placeholder', 'dash', 'date', ""left'"", 'Div', 'html', 'dcc', 'app', 'row', 'datetime', 'dff', 'ad', ""top'"", 'Input']"
"['python', 'recursion', 'binary-tree', 'longest-path']","['root', 'Node', 'left', 'right', 'node', 'path', 'lst', 'val', 'longest', 'None', 'tree', 'leftpath', 'rightpath', 'argmax', 'return', 'null', 'List', 'Integer', 'level', 'leaf']"
"['string', 'csv', 'output', 'python-3.7']","['Jack', 'stringOfList', 'myList', 'John', 'separator', ""Jack'"", ""Harry'"", 'excuse', 'Harry', 'convert', 'join', 'newly', 'Michael', 'output', 'String', 'separate', 'Your', 'elements', 'gives', 'please']"
"['python', 'matplotlib', 'seaborn']","['sns', 'smoke', 'tips', 'hue', 'vars', 'ax', 'scatter', 'regplot', 'regression', 'map', 'PairGrid', 'axes', 'seaborn', ""bill'"", 'order', 'upper', 'plt', 'kdeplot', 'diag', 'y']"
"['python', 'tensorflow', 'neural-network', 'jupyter-notebook', 'cnn']","['SIZE', 'IMAGE', 'prediction', 'image', 'model', 'cv', 'array', 'CATEGORIES', 'Car', 'prepare', 'Bike', 'filepath', 'images', 'keeps', 'tf', 'validation', 'predict', 'loss', 'fluctuating', 'prototype']"
"['python-3.x', 'machine-learning', 'prediction', 'forecasting']","['individual', 'Power', 'turbines', 'turbine', 'power', 'weather', 'Wind', 'collective', 'production', 'Data', 'predict', 'know', 'WindGustSpeed', 'multivariate', 'Weather', 'CloudCover', 'longitude', 'RelativeHumidity', 'latitude', 'Produced']"
"['python', 'arrays', 'numpy', 'bigdata', 'histogram']","['histogram', 'aiArr', 'bin', 'bins', 'hist', 'ff', 'array', 'h', 'data', 'histograms', 'ranges', 'Then', 'np', 'key', 'edges', 'f', 'plt', 'require', 'loop', 'put']"
"['python', 'python-3.x', 'pygame']","['tank', 'pos', 'bullet', 'pygame', 'tanks', 'screen', 'spawner', 'draw', 'towers', 'mouse', 'blit', 'mx', 'isOver', 'Button', 'global', 'png', 'list', 'image', 'event', 'layer']"
"['python', 'python-3.x', 'dictionary', 'cpython', 'mergeddictionaries']","['d', 'dictionaries', 'loop', 'item', ""Louis'"", ""Paxton'"", ""White'"", 'aproach', ""Smith'"", 'part', 'merged', 'determine', 'confusing', 'They', 'third', 'debugging', 'merge', 'assign', 'Could', 'task']"
"['python', 'django', 'unit-testing', 'testing', 'django-rest-framework']","['throttle', 'CustomThrottle', 'mocked', 'patch', 'self', 'wait', 'status', 'api', 'views', 'request', 'allow', 'custom', 'response', 'successful', 'mock', 'Should', 'assertEqual', 'instance', 'class', 'OK']"
"['python', 'multiprocessing', 'python-multiprocessing']","['Process', 'module', 'multiprocessing', 'called', 'main', 'imported', 'upon', 'namespace', 'imports', 'understanding', 'examples', 'foo', 'execution', 'Windows', 'level', 'package', 'top', 'docs', 'Section', 'covered']"
"['python', 'qt', 'pyqt5', 'qtableview']","['MainWindow', 'self', 'QtWidgets', 'centralwidget', 'setObjectName', 'tableView', 'statusbar', 'impasd', 'au', 'PyQt', 'QtCore', 'data', 'TableModel', 'translate', 'table', 'retranslateUi', ""Partner'"", 'QMainWindow', 'Ui', 'setupUi']"
"['python', 'beautifulsoup', 'python-requests']","['episodes', 'headers', 'soup', 'requests', 'imdb', 'episodeName', 'pageTree', 'tt', 'URL', 'title', 'BeautifulSoup', 'episode', 'Agent', 'sn', 'practise', 'Pointers', 'Mac', 'Beautifulsoup', 'accessing', 'season']"
"['python', 'tkinter']","['master', 'tk', 'self', 'SettingsFrame', 'pack', 'Frame', 'side', 'Application', 'url', 'entry', 'init', 'settings', 'label', 'root', 'left', 'main', 'super', 'frame', 'Entry', 'Product']"
"['python', 'argparse']","['path', 'faces', 'pngfiles', 'png', 'save', 'pngfile', 'file', 'src', 'glob', 'returns', 'run', 'OpenCV', 'opencv', 'arg', 'load', 'mode', 'filename', 'empty', 'fullpath', 'assertion']"
"['python', 'c#', '.net', 'rest', 'tensorflow']","['NET', 'neural', 'REST', 'gRPC', 'network', 'tensorflow', 'app', 'spamming', 'cnn', 'intend', 'made', 'integrate', 'hosting', 'gui', 'slow', 'perfect', 'short', 'great', 'communicate', 'fast']"
"['python', 'scikit-learn', 'gpu', 'google-colaboratory', 'h2o4gpu']","['GPU', 'gpu', 'Colab', 'Google', 'packges', 'o', 'h', 'sklearn', 'environment', 'standard', 'model', 'option', 'install', 'enjoy', 'uninstall', 'tpot', 'gits', 'since', 'train', 'friend']"
"['python', 'opencv', 'orientation', 'depth']","['color', 'map', ""picture's"", 'albedo', 'Sample', ""image's"", 'OpenCV', 'orientation', 'depth', 'file', 'sample', 'Please', 'image', 'data', 'text', 'output', 'as', 'help', 'following', 'here']"
"['python', 'pandas', 'numpy', 'dataframe', 'jupyter-notebook']","['Smith', 'mgarcia', 'jsmith', 'James', 'msmith', 'Maria', 'Garcia', 'Michael', 'Values', 'UserName', 'US', 'Delhi', 'Chicago', 'UserId', 'India', 'London', 'UK', 'Temp', 'Country', 'res']"
['python'],"['income', 'salesPrice', 'finance', 'qualified', 'car', 'price', 'sales', 'purchase', 'enter', 'float', 'annual', 'indentation', 'input', 'Please', 'function', 'program', 'Invalid', 'invoke', 'positive', 'person']"
"['python', 'linux', 'reboot']","['reboot', 'Program', 'terminates', 'Pi', 'Pyhton', 'shall', 'Raspberry', 'Raspian', 'restart', 'lite', 'sudo', 'Ulrich', 'headless', 'rc', 'Python', 'after', 'stops', 'Programs', 'terminal', 'fails']"
"['python', 'pandas']","[""channel'"", 'df', 'channel', 'mask', 'loc', 'indexing', 'Boolean', 'ix', 'np', 'where', 'my', 'iloc', 'series', ""column'"", 'chained', 'column', 'indexer', 'original', 'dataframe', 'deprecated']"
"['python', 'pandas']","['grp', 'days', 'A', 'score', 'group', 'day', 'B', 'groups', 'row', 'target', 'factorize', 'index', 'groupby', 'df', 'idx', 'last', ""I'm"", 'value', 'Create', 'looking']"
"['python', 'pandas']","['Product', 'na', 'csv', 'NA', 'mydf', 'MV', 'NaNs', 'AB', ""A'"", 'pd', 'read', 'quotechar', ""QNAN'"", 'interpreted', ""IND'"", 'values', 'False', 'df', 'problematic', 'N']"
"['python', 'tensorflow', 'keras', 'reinforcement-learning', 'keras-rl']","['nb', 'model', 'actions', 'dqn', 'rl', 'TF', 'policy', 'env', 'gym', 'memory', 'DQNAgent', 'breaks', 'warmup', 'ENV', 'steps', 'keras', 'shape', 'NAME', 'len', 'seed']"
"['python', 'python-3.x', 'pandas', 'dataframe']","['FOLIO', 'HP', 'PycharmProjects', 'venv', 'parsers', 'Example', 'Users', 'io', 'pandas', 'File', 'packages', 'C', 'site', 'clipboard', 'revenue', 'read', 'lib', 'py', 'line', 'malformed']"
"['python', 'excel', 'python-3.x', 'pandas', 'dataframe']","['sheet', 'excel', 'writer', 'df', ""xlsx'"", 'xlsx', 'workbook', 'target', 'pd', 'sheets', 'xlsxwriter', 'old', 'ws', 'ExcelWriter', 'frames', 'worksheet', 'pandas', 'dict', 'book', 'name']"
"['python-3.x', 'mongodb', 'pymongo-3.x']","['csv', 'header', 'db', 'json', 'MongoClient', 'collectionname', 'xxx', ""csv'"", 'documents', 'insert', 'c', 'client', 'pd', 'count', 'filename', 'guys', 'ai', 'authMechanism', ""ON'"", 'Filepath']"
"['python', 'python-tesseract']","['pytesseract', 'image', 'cv', 'img', 'recognition', 'Image', 'ojU', 'url', 'J', 'psm', 'text', 'Gm', 'smooth', 'posts', 'PIL', 'resp', 'imgur', 'contrast', 'sharp', 'string']"
"['python', 'random', 'duplicates']","['quiz', 'sentence', 'answer', 'questions', 'shuffle', 'hielo', 'face', 'associations', 'naranja', 'ice', 'Translate', 'rojo', 'cancion', 'blanco', 'Wrong', 'cara', 'negro', 'llamada', 'sing', 'azul']"
"['python', 'pandas', 'pivot', 'openpyxl']","['df', ""SSS'"", 'HH', 'SS', 'DD', 'MI', 'MO', 'index', ""mag'"", 'plot', 'plt', 'pd', 'reset', 'datetime', 'FIELD', 'Magnetic', ""mean'"", 'Average', 'mag', 'column']"
"['python', 'amazon-web-services', 'amazon-s3', 'amazon-sagemaker']","['health', 'flask', 'predictions', 'StringIO', 'CSV', 'Sagemaker', 'mimetype', 'status', 'prediction', 'Response', 'data', 'ScoringService', 'serve', 'healthy', 'container', 's', 'response', 'Convert', 'route', 'app']"
"['python', 'tkinter', 'smtplib']","['Entry', 'Email', 'sender', 'grid', 'Password', 'Send', 'EMAIL', 'smtp', 'text', 'ADDRESS', 'smtplib', 'Body', 'Subject', 'row', 'root', 'Continue', 'SendTo', 'Label', 'column', 'startlogin']"
"['python', 'tensorflow', 'deep-learning', 'pytorch', 'conv-neural-network']","['n', 'PyTorch', 'matrix', 'm', 'TensorFlow', 'directly', 'layer', 'handcrafted', 'existence', 'nth', 'belong', 'stride', 'convolution', 'library', 'deep', 'consuming', 'accurate', 'Are', 'image', 'method']"
"['python', 'algorithm', 'sorting']","['alist', 'lowest', 'helper', 'j', 'value', 'list', 'highest', 'counting', 'index', 'sorting', 'sort', 'len', 'i', 's', 'iterates', 'unsorted', 'SelectionSort', 'range', 'extend', 'elapsed']"
"['python', 'arguments', 'argparse', 'setup.py', 'sys']","['parser', 'argv', 'main', 'argparse', 'args', 'entry', 'arguments', 'script', 'sys', ""words'"", 'ArgumentParser', 'nargs', ""scripts'"", ""string'"", 'GitHub', 'argument', 'point', 'pass', 'command', 'word']"
"['python', 'rsa', 'private-key']","['PRIVATE', 'RSA', 'private', 'KEY', 'bytes', 'BEGIN', 'blablabla', 'END', 'byte', 'key', 'array', ""that's"", 'bit', 'convert', 'need', 'format', 'example', 'You', 'i', 'my']"
"['python', 'python-3.x', 'slice']","['bulge', 'ageheight', 'height', 'age', 'enumerate', 'heights', 'select', 's', 'x', 'seem', 'i', 'radial', 'datatype', 'density', 'midplane', 'affect', 'does', 'objects', 'compose', 'overlapping']"
"['python', 'tkinter', 'pygame']","['pygame', 'KEYUP', 'event', 'window', 'key', 'keyboard', 'embed', 'events', 'screen', 'focus', 'root', 'tkinter', 'SDL', 'fill', 'tk', 'press', 'frame', 'askstring', 'windowID', 'loses']"
"['python', 'html', 'flask']","['Quarts', 'p', 'flask', 'LiterConverter', 'Volume', 'LiterDisplay', 'quartform', 'quartsdisplay', 'html', 'form', 'value', 'decimal', 'places', 'round', 'back', 'flex', 'quarts', 'resultant', 'Liters', 'newQuarts']"
['python'],"['num', 'ranged', 'deal', 'Age', 'Out', 'features', 'numbers', 'replace', 'int', 'split', 'format', 'df', 'string', 'could', 'number', 'some', 'try', 'You', 'how', 'data']"
"['python', 'pandas', 'sqlalchemy', 'jaydebeapi']","['dff', 'cursor', 'sql', 'INTO', 'INSERT', 'engine', 'schema', 'sqlalchemy', 'SELECT', 'conn', 'query', 'creator', 'BY', 'JDBC', 'prefer', 'records', 'CAUSED', ""table'"", 'column', 'since']"
"['python', 'python-3.x', 'string', 'list']","['character', 'mapping', 'encounter', 'Identical', 'abb', 'Closed', 'focused', 'focuses', 'increment', 'question', 'abcd', 'mins', 'Write', 'Start', 'characters', 'share', 'counter', 'word', 'editing', 'accepting']"
"['python', 'django', 'forms']","['required', 'forms', 'field', 'self', 'MyNewForm', 'clean', 'fields', 'kwargs', 'widget', 'form', 'remove', 'attrs', 'YourForm', 'TextInput', 'args', 'ModelForm', 'Form', 'super', 'cleaned', 'init']"
"['python', 'kivy', 'python-3.7', 'kivy-language']","['kivy', 'MainScreen', 'hint', 'quote', 'text', 'self', 'size', 'AboutUs', 'theme', 'ScreenManager', 'ContentNavigationDrawer', 'drawer', 'Screen', 'dp', 'uix', 'texture', 'BoxLayout', 'FloatLayout', 'icon', 'anchor']"
"['python', 'python-datetime']","['myDatetime', 'tz', 'datetime', 'date', 'previous', 'localize', 'day', 'timezone', 'timedelta', 'Europe', 'mydate', 'offset', 'Paris', 'pytz', 'days', 'time', 'month', 'hour', 'year', 'same']"
"['python', 'multithreading', 'pygame', 'keyboard-events']","['velocity', 'pygame', 'event', 'K', 'self', 'key', 'KEYDOWN', 'pressed', 'keyboard', 'elif', 'best', 'set', 'separate', 'thread', 'y', 'prioritize', 'graphic', 'looping', 'UP', 'DOWN']"
"['python', 'pandas']","['percent', 'df', 'j', 'bin', 'nrow', 'i', 'column', 'row', 'sum', 'Tnx', 'summarized', 'ncol', 'manged', 'dataframe', 'numeric', 'Given', 'R', 'larger', 'large', 'amount']"
['python'],"['nows', 'studio', 'dont', 'visual', 'Has', 'debug', 'someone', 'runs', 'solve', 'understand', 'And', 'why', 'same', 'only', 'code', 'problem', ""I'm"", 'python', 'when', 'how']"
"['python', 'tensorflow']","['layer', 'activation', 'numbers', 'array', 'neural', 'model', 'input', 'network', 'actions', 'nn', 'output', 'neurons', 'state', 'float', 'single', 'size', 'dimensions', 'purpose', 'keras', 'predict']"
"['python', 'numpy', 'random']","['draws', 'ids', 'leafs', 'rnd', 'samples', 'random', 'np', 'list', 'l', 'srch', 'mid', 'chunks', 'elements', 'shuffle', 'sample', 'idx', 'j', 'permutation', 'choice', 'sizes']"
"['python', 'or-tools']","['contraints', 'details', 'peut', 'faire', 'Comment', 'des', 'modelization', 'modelisation', 'Closed', 'ce', 'de', 'tools', 'le', 'picture', 'mins', 'clarity', 'syntax', 'clarify', 'type', 'editing']"
"['python', 'flask', 'heroku', 'socket.io', 'flask-socketio']","['socket', 'socketio', 'app', 'io', 'Heroku', 'flask', 'web', 'establish', 'socketURL', 'eventlet', 'engine', 'const', 'connection', 'attempting', 'instance', 'port', 'connect', 'requests', 'application', 'Engine']"
"['python', 'python-3.x', 'tkinter']","['tk', 'background', 'PhotoImage', 'image', 'PIL', 'tkinter', 'Jordan', 'photo', 'root', 'Image', 'GUI', 'WIDTH', 'HEIGHT', 'sky', 'img', ""png'"", 'init', 'render', 'ImageTk', 'AppData']"
['python'],"['val', 'd', 'split', 'line', 'key', 'ab', 'f', 'maxsplit', 'txt', 'iterable', 'unpacking', 'fichier', 'unpack', 'open', 'operator', 'values', 'definition', 'strip', 'tuple', 'too']"
"['python', 'dataframe', 'geospatial', 'latitude-longitude', 'haversine']","['lat', 'lon', 'intermediate', 'stop', 'destination', 'np', 'distance', 'intermediated', 'km', 'dlon', 'dlat', 'location', 'earth', 'cos', 'flag', 'sin', 'radius', 'arcsin', 'incorporate', 'vary']"
"['python', 'sql', 'sqlite', 'tkinter']","['StringVar', 'TEXT', 'NOT', 'self', 'UserID', 'INTEGER', 'FirstName', 'LastName', 'KEY', 'NULL', 'Gender', 'StaffID', 'scrollbar', 'Username', 'sqlf', 'db', 'myList', 'Phone', 'EXISTS', 'TABLE']"
"['python', 'pandas']","['df', 'loc', 'columns', 'datframe', 'Compare', 'failed', 'select', 'names', 'got', ""I've"", 'How', 'below', 'print', 'tried', 'do', 'code', 'but', 'it', 'I']"
"['python', 'image-processing', 'google-colaboratory']","['drive', 'Cats', 'Drive', 'Notebooks', 'Colab', 'jpg', 'cat', 'content', 'My', 'sizes', 'glob', 'images', 'filename', 'im', 'Image', 'iglob', 'pylab', ""jpg'"", 'PIL', 'i']"
"['python', 'odbc', 'pyodbc', 'impyla']","['DSN', 'connection', 'SASL', 'mechanism', 'connect', 'conn', 'cursor', 'directly', 'impala', 'ODBC', 'sasl', ""b'Error"", 'TTransportException', 'PYODBC', 'Unable', 'Previously', 'DSNNAME', 'TTransport', 'thrift', 'dbapi']"
"['python', 'loops', 'for-loop', 'range', 'biopython']","['startcodon', 'codon', 'condon', 'rcodon', 'dataset', 'sequence', 'codons', 'n', 'stop', 'taacodon', 'stopcodon', 'tgacodon', 'find', 'atg', 'tagcodon', 'protein', 'len', 'DNA', 'Arg', 'Ser']"
"['python', 'arrays', 'numpy']","['nice', 'connections', 'got', 'idea', 'numpy', 'elements', 'Someone', 'strength', 'incremented', 'efficiently', 'nearest', 'vectors', 'saving', 'neurons', 'Has', 'dimensional', 'two', 'Given', 'array', 'arrays']"
"['python', 'matplotlib', 'animation']","['animation', 'child', 'age', 'year', 'ax', 'list', 'codes', 'fig', 'figure', 'anim', 'animate', 'Child', 'Age', 'Year', 'matplotlib', 'graph', 'plot', ""didn't"", 'f', 'their']"
"['python', 'django']","['models', 'Task', 'title', 'task', 'tasks', 'user', 'completed', 'BooleanField', 'blank', 'CharField', 'null', 'store', 'default', 'Model', 'django', 'True', 'todo', 'belongs', 'relavant', 'objects']"
"['python', 'flask', 'flask-sqlalchemy', 'flask-admin']","['MODIFICATIONS', 'TRACK', 'disabled', 'significant', 'production', 'overhead', 'suppress', 'SQLALCHEMY', 'adds', 'warning', 'future', 'Set', 'Flask', 'server', 'warn', 'Serving', 'UserWarning', 'lazy', 'wasted', 'Debug']"
"['python-3.x', 'constants', 'final', 'typing', 'python-3.8']","['typing', 'Thonny', 'Mypy', 'interpreter', ""Thonny's"", ""interpreter's"", 'warning', 'Final', 'assistant', 'checks', 'checking', 'Module', 'Pylint', 'py', 'Python', 'uses', 'could', 'preferences', 'MyPy', 'Assistant']"
"['python', 'python-3.x', 'list', 'function', 'forex']","['CAD', 'pair', 'symbol', 'AUD', 'currency', 'outputsize', 'fx', 'daily', 'exchange', 'full', 'DKK', 'CHF', 'Beginner', 'meantime', 'SEK', 'Disclaimer', 'metadata', 'pairs', ""I've"", 'success']"
"['python', 'statistics', 'statsmodels']","['ADL', 'lags', 'variable', 'target', 'grangercausalitytests', 'Yet', 'OLS', 'substituted', 'GC', 'causes', 'autoregressive', 'FGLS', 'Granger', 'estimate', 'Further', 'maxlag', 'lag', 'vstack', 'pick', 'model']"
"['python', 'scipy', 'spyder', 'deprecation-warning']","['sp', 'scipy', 'array', 'DeprecationWarning', 'y', 'plt', 'SciPy', 'np', 'numpy', 'deprecated', 'removed', 'Changed', 'peaks', 'Spyder', 'Shiva', 'Pingle', 'x', 'optimize', 'raises', 'op']"
"['python', 'opencv', 'image-processing', 'ocr', 'opencv-contour']","['cv', 'cnt', 'LCD', 'image', 'edged', 'area', 'odometer', 'median', 'ar', 'football', 'w', 'region', 'cnts', 'h', 'rect', 'square', 'gray', 'Preview', 'controlling', 'approx']"
"['python', 'python-3.x']","['india', 'tamilnadu', 'chennai', 'split', 'mumbai', 'bangalore', 'maharastra', 'karnataka', 'start', 'end', 'final', 'int', 'out', 'str', 'csv', 'country', 'rstrip', 'city', 'x', 'line']"
"['python', 'algorithm', 'sorting', 'insertion-sort']","['insertion', 'list', 'index', 'i', 'implementation', 'temp', 'assignment', 'decrementing', 'while', 'apart', 'iteration', 'loop', 'versa', 'termination', 'vice', 'sort', 'second', 'implementations', 'assignments', 'program']"
"['python', 'scikit-learn', 'logistic-regression']","['solver', 'LogisticRegression', 'classifier', 'liblinear', 'warning', 'state', 'sklearn', 'scikit', 'linear', 'random', 'FutureWarning', 'lbfgs', 'v', 'default', 'learn', 'rid', 'explicitly', 'future', 'model', 'docs']"
"['python', 'regex', 'findall']","['regex', 'ext', 'paren', ""ext'"", 'path', 'filename', 'sed', 'parenthesized', 'extra', 's', 'parentheses', 'safedir', ""foo'"", 'remove', ""r'"", 'dir', 're', 'Text', 'safeext', 'POSIX']"
"['python', 'dataframe']","['ae', 'json', 'd', 'response', 'e', 'JSON', ""one'"", 'loads', ""b'"", ""two'"", ""items'"", 'df', 'API', 'id', 'lists', 'two', 'decoder', 'list', 'pd', 'pandas']"
"['python-3.x', 'anaconda', 'exe', 'pyinstaller']","['webfile', 'pyinstaller', 'file', 'webbrowser', 'executable', 'bundeled', 'path', 'Enter', 'opened', 'explain', 'exe', 'full', 'open', 'webpages', 'outputted', ""Exit'"", ""project'"", 'studios', 'opens', 'lines']"
"['python', 'multiple-inheritance']","['init', 'locals', 'b', 'self', 'super', 'class', 'c', 'E', 'H', 'D', 'print', 'F', 'kwargs', 'MRO', 'G', 'main', 'args', 'tmp', 'def', 'B']"
"['python', 'pytorch']","['someVariable', 'autonomousvision', 'dvr', 'myClass', 'differentiable', 'volumetric', 'rendering', 'someMethod', 'mesh', 'blob', 'im', 'L', 'master', 'github', 'motivation', 'SomeClass', 'models', 'com', 'https', 'init']"
"['python', 'python-os']","['pypi', 'os', 'isfile', 'library', 'np', 'libraries', 'path', 'sin', 'gs', 'official', 'pi', 'imported', 'disk', 'patch', 'scenario', 'some', 'uses', 'saves', 'module', 'modified']"
"['python', 'django', 'ajax', 'django-urls']","['xmlhttp', 'template', 'url', 'function', 'var', 'button', 'execute', 'lname', 'modal', 'someView', 'mname', 'Javascript', 'DOM', 'fname', 'onclick', 'Django', 'view', 'think', 'described', 'you']"
"['python', 'scipy', 'scikit-learn', 'nearest-neighbor', 'kdtree']","['nTimes', 'pickle', 'timeit', 'listOfRandom', 'DPoints', 'KDTree', 'dim', 'randint', 'neighbors', 'setup', 'structures', 'spatial', 'lengths', 'length', 'query', 'SciKit', 'sklearn', 'large', 'scipy', 'dimensional']"
"['python', 'pandas', 'conditional-statements', 'week-number']","['week', 'Sunday', 'totals', 'January', 'th', 'dt', 'year', 'bounded', 'Monday', 'weeks', 'Friday', ""no's"", 'Saturday', 'mod', 'minus', 'previous', 'start', 'years', 'no', 'series']"
"['python', 'matplotlib', 'anaconda', 'spyder', 'qiskit']","['circ', 'plot', 'outputstate', 'qiskit', 'city', 'show', 'QuantumCircuit', 'qc', 'Aer', 'backend', 'spyder', 'cx', 'state', 'matplotlib', 'plots', 'job', 'behavior', 'draw', 'execute', 'Informations']"
"['python', 'regex']","['regex', 'match', 'digits', 'd', 'group', 'numbers', 'float', 'begining', 'seperator', 'Non', 'whereas', 'capturing', 'aswell', 'optional', 'Im', 'Start', 'groups', 'comma', 'expression', 'searching']"
"['python-3.x', 'opencv', 'image-processing', 'fiji', 'image-slicer']","['thickness', 'points', 'measure', 'edge', 'terminal', 'EDIT', 'image', ""I'd"", 'junctions', 'skeletonize', 'skeletonized', 'directions', 'branching', 'junction', 'proceed', 'Fiji', 'Node', 'branches', 'segment', 'associated']"
"['python', 'while-loop']","['sublist', 'n', 'match', 'data', 'processdata', 'values', 'pattern', 'counter', 'val', 'strip', 'idx', 'del', 'line', 'fp', 'consecutive', 'found', 'lines', 'deleted', 'yield', 'file']"
"['python-3.x', 'pandas', 'missing-data']","['dropna', 'thresh', 'axis', 'occurences', 'given', 'performed', 'answer', 'threshold', 'Which', 'df', 'perfectly', 'NaN', 'expect', 'hour', 'correct', 'drop', 'seem', 'dataset', 'ago', 'Closed']"
"['python', 'gensim']","['gensim', 'corpus', 'Wikipedia', 'wiki', 'f', 'sys', 'dump', 'pip', 'argv', 'WikiCorpus', 'distributions', 'internal', 'pypi', 'install', 'U', 'installed', 'text', 'out', 'file', 'Inspired']"
"['python', 'c++']","['PTR', 'PythonDLL', 'FUNC', 'PyEval', 'GET', 'g', 'NULL', 'MessageBoxA', 'PythonWrapper', 'InitThreads', 'PyGILState', 'return', 'SaveThread', 'RestoreThread', 'ICONERROR', 'DLL', 'GetProcAddress', 'gilState', 'MB', 'include']"
"['python', 'html', 'beautifulsoup']","['HTML', 'startline', 'trivial', 'parses', 'endline', 'selecting', 'beautifulsoup', 'html', 'May', 'parsing', 'variable', 'splitlines', 'parser', 'require', 'BeautifulSoup', 'range', 'allow', 'anything', 'specific', 'lines']"
"['python', 'random', 'random-seed']","['seed', 'random', 'randint', 'same', 'value', 'rand', 'number', 'numbers', 'generate', 'np', 'provide', 'generator', 'Out', 'previous', 'l', 'pseudo', 'sequence', 'again', 'reproduced', 'PRNG']"
"['python', 'flask', 'flask-bootstrap', 'flask-session']","['flask', 'app', 'session', 'Session', 'rabin', 'FontAwesome', 'Bootstrap', 'SESSION', 'bootstrap', 'Flask', 'template', 'config', 'render', 'home', 'module', 'PYTHON', 'fontawesome', 'DEV', 'fa', 'PERMANENT']"
"['python', 'selenium', 'web-scraping']","['dates', 'excel', 'xls', 'download', 'particular', 'button', 'different', 'URL', 'leading', 'appealing', 'Moreover', 'ideally', 'frpm', 'balances', 'banks', 'ru', 'gather', 'Good', 'inconvenient', 'kuap']"
"['python', 'json', 'pandas']","['tweet', 'resultFrame', 'json', 'df', 'results', 'loc', 'tweets', 'pd', 'read', 'file', 'JSON', 'f', 'loads', 'line', 'created', 'username', 'i', 'columns', 'orient', 'transformations']"
"['python', 'pyqt5', 'invoice', 'qlineedit']","['nazwiskonabywcy', 'self', 'DodajProdukty', 'parent', 'FormularzFaktury', 'QDialog', 'DP', 'nazwiskonabywcyLbl', 'QLineEdit', 'init', 'super', 'nazwisko', 'uklad', 'nazwa', 'dodajprodukty', 'class', 'addWidget', 'QLabel', 'show', 'pass']"
['python'],"['score', 'ans', 'ques', 'wrong', 'oh', 'Uh', 'answer', 'currently', 'elif', 'You', 'question', 'print', 'valid', 'D', 'Force', 'B', 'Question', 'Ask', 'Correct', 'A']"
"['python-3.x', 'odoo-12']","['field', 'res', 'config', 'inherit', 'settings', 'div', 'invoice', 'form', 'record', 'configuration', 'view', 'xpath', 'model', 'name', 'h', 'inherited', 'transient', 'Notification', 'hasclass', 'ir']"
"['python', 'tensorflow', 'keras', 'deep-learning', 'keras-tuner']","['layers', 'keras', 'tf', 'tuner', 'model', 'hp', 'Conv', 'D', 'summary', 'num', 'trial', 'generator', 'three', 'epochs', 'BATCH', 'Choice', 'Trial', 'Int', 'add', 'callbacks']"
"['python', 'list', 'class', 'object', 'record']","['games', 'genre', 'platform', 'st', 'self', 'getData', 'naming', 'convention', 'tPlatform', 't', ""t'"", 'input', 'name', 'display', 'init', 'n', 'print', 'inputted', 'programmer', 'Game']"
"['python', 'function', 'vectorization']","['Document', 'tfs', 'dictionary', 'documents', 'tokenization', 'word', 'TF', 'doc', 'vectorize', 'document', 'self', 'path', 'term', 'save', 'diction', 'frequencies', 'f', 'textfiles', 'words', 'file']"
"['python', 'string']","['printable', 'chh', 'outx', 'string', 'characters', 'strx', 'remn', 'ord', 'x', 'control', 's', 'printset', 'repr', 'c', 'ch', 'non', 'False', 'isprintable', 'bell', 'lenx']"
"['python', 'web-scraping', 'beautifulsoup', 'urllib3']","['coronavirus', 'recovered', 'deaths', 'soup', 'span', 'cases', 'time', 'Took', 'replace', 'pretty', 'start', 'seconds', 'externalScrape', 'message', 'Scraping', 'External', 'response', 'data', 'BeautifulSoup', 'http']"
"['python', 'php', 'algorithm', 'machine-learning']","['details', 'Phpmyadmin', 'Designed', 'Recommendations', 'Closed', 'integrate', 'Algorithm', 'external', 'clarity', 'wanted', 'sql', 'System', 'clarify', 'stored', 'editing', 'algorithm', 'question', 'correctly', 'Add', 'accepting']"
"['python', 'pandas']","['ns', 'excel', 'sfdc', ""ID'"", 'pd', 'ExcelWriter', 'sheet', 'lookup', 'writer', 'merge', 'csv', ""csv'"", 'reading', ""Status'"", ""sg'"", 'earlier', 'strangely', ""xlsx'"", 'Unknown', 'file']"
"['python', 'numpy', 'xgboost', 'numpy-ndarray']","['train', 'test', 'reshape', 'x', 'shape', 'dimensional', 'DMatrix', 'xgb', 'Thus', 'y', 'needs', 'X', 'Y', 'arrays', 'images', 'width', 'dtrain', 'hot', 'dtest', 'XGBoost']"
"['python', 'error-handling', 'subprocess', 'pdftotext', 're']","['pdf', 'check', 'pdftotext', 'output', 'subprocess', 'filename', 'pages', 'CalledProcessError', 'retcode', 'directory', ""layout'"", 'popenargs', 'stdout', ""f'"", 'timeout', 'newlines', 'listdir', 'universal', 'kwargs', 'os']"
"['python', 'plot', 'simulation', 'cellular-automata', 'automaton']","['av', 'iy', 'ix', 'X', 'mass', 'pmt', 'ny', 'nx', 'app', 'ilim', 'ppe', 'j', 'H', 'drop', 'snow', 'np', 'p', 'rand', 'dm', 'alfa']"
"['python', 'pandas']","['concat', 'subsets', 'subset', 'df', 'daily', 'yearly', 'trend', 'dataframes', 'idx', 'dataframe', 'train', 'concatenate', 'TypeError', ""df'"", ""train'"", 'concatenation', 'd', 'pd', 'nd', 'them']"
"['python', 'anaconda', 'conda']","['conda', 'zlib', 'version', 'myenv', 'conflicts', 'actual', 'mine', 'OP', 'cpp', 'install', 'errors', 'those', 'packages', 'messages', 'tell', 'Indeed', 'cgal', ""conda's"", 'THEN', 'boost']"
"['python', 'jupyter-notebook', 'google-colaboratory']","['drive', 'Notebooks', 'Colab', 'Drive', 'Band', 'nsample', 'Graphics', 'content', 'directory', 'modify', 'My', 'InputData', 'command', 'File', 'save', 'working', ""py'"", 'file', 'files', 'py']"
"['python', 'keras', 'io', 'python-os']","['tif', 'pat', 'tqdm', 'learning', 'Assignments', 'transfer', 'shutil', 'kr', 'deep', 'runtime', 'folder', 'd', 'x', 'o', 'path', 'Desktop', 'copy', 'df', 'copyfile', 'PermissionError']"
"['python', 'oop', 'mypy']","['Parent', 'arg', 'Child', 'Any', 'kwargs', 'args', 'argument', 'method', 'Hello', 'str', 'Children', 'heard', 'Liskov', 'subclasses', 'Principle', 'gracious', 'Dict', 'Substitution', 'design', 'forbids']"
"['python', 'multithreading', 'pyramid']","['notify', 'FooEvent', 'registry', 'thread', 'events', 'argv', 'bounty', 'sys', 'deferring', 'viraptor', 'subscription', 'fileConfig', 'multithreading', 'synchronous', 'theory', 'current', 'sounds', 'notification', 'bootstrap', 'work']"
"['django', 'python-3.x']","['django', 'release', 'compatible', 'notes', 'Django', 'YouTube', 'backwards', 'backward', 'okay', 'Will', 'changes', 'Are', 'listed', 'follow', 'tutorials', 'compared', 'there', 'version', 'syntax', 'tutorial']"
"['python', 'function', 'exception', 'valueerror']","['Invalid', 'numbers', 'ValueError', 'exce', 'y', 'sum', 'raise', 'exception', 'quotes', 'z', 'x', 'receive', 'double', 'except', 'arguments', 'return', 'enclosed', 'unnecessary', 'typically', 'printed']"
"['python', 'pandas']","['dept', 'ratio', 'B', 'A', 'higher', 'MyCount', 'threshold', 'DeptCount', 'idxDay', 'row', 'compare', 'date', 'against', 'df', 'rangeRatio', 'Id', 'idxRange', 'rangeId', 'Dept', 'rangeDept']"
"['python', 'r', 'pandas', 'dataframe', 'subprocess']","['series', 'df', 'R', 'splitted', 'Date', 'TRUE', 'subprocess', 'unlist', 'step', 'Test', 'cmd', 'market', 'Rscript', 'prep', 'pops', 'trailingOnly', ""R'"", 'commandArgs', 'xts', 'rhocepied']"
"['python-3.x', 'cocos2d-python']","['cStar', 'self', 'spritesheet', 'pyglet', 'sprite', 'sta', 'cocos', 'image', 'mouse', 'Animation', 'anim', 'y', 'sequence', 'item', 'x', 'width', 'ImageGrid', 'dx', 'hovers', 'Sprite']"
"['python', 'ocr', 'tesseract', 'python-tesseract']","['Found', 'oem', 'psm', 'tesseract', 'libjpeg', 'AVX', 'oAAXR', 'whitelist', 'tessedit', 'zlib', 'pytesseract', 'leptonica', 'libpng', 'SSE', 'turbo', 'libwebp', 'libgif', 'libtiff', 'char', 'recognize']"
"['python', 'sql', 'class', 'oop', 'orm']","['record', 'Pollution', 'dict', 'tuple', 'self', 'substitution', 'pollution', 'sqltext', 'RoadsideNitricOxide', 'input', 'DateTime', 'VALUES', 'INTO', 'INSERT', 'variables', 'database', 'read', 'db', 'instance', 'int']"
"['python', 'python-3.x', 'python-multiprocessing', 'pool']","['dict', 'alterDict', 'multiprocessing', 'num', 'Pool', 'pool', 'manager', 'mp', 'key', 'd', 'processes', 'shared', 'items', 'style', 'p', 'map', 'circumvent', 'contrived', 'Sharing', 'spawning']"
"['python', 'c++', 'object', 'counter', 'equivalent']","['counter', 'std', 'cat', 'myC', 'pair', 'map', 'Counter', 'dog', 'collections', 'lizards', 'dogs', 'endl', 'unordered', 'cout', 'black', 'complexity', 'lookup', 'counts', 'track', 'red']"
"['python', 'pandas', 'chaining']","['df', 'THRESHOLD', 'CLUSTER', 'Cluster', 'getitem', 'N', 'copy', 'i', 'deltaPressure', 'setitem', 'shift', 'np', 'randint', 'top', 'pandas', 'tomaugspurger', 'fundamental', 'underlying', 'guarantee', 'appreciative']"
"['python', 'html', 'django']","['html', 'myapp', 'base', 'search', 'templates', 'copying', 'ijt', 'jude', 'iv', 'ijjmu', 'ept', 'rtiq', 'Web', 'endblock', 'extends', 'new', 'http', 'App', 'Full', 'localhost']"
"['python', 'pdf', 'apache-tika']","['paragraph', 'paragraphs', 'Line', 'content', 'file', 'isspace', 'nLine', 'yield', 'line', 'data', 'PDF', 'document', ""n'"", 'split', 'lines', 'character', 'n', 'string', 'text', 'clearly']"
"['python', 'python-3.x', 'python-2.7']","['pygame', 'screen', 'window', 'display', 'Pygame', 'event', 'mode', 'running', 'width', 'height', 'set', 'adding', 'ram', 'major', 'persists', 'Dual', 'whilst', 'specs', 'isn', 'gb']"
"['python', 'discord', 'discord.py']","['bot', 'message', 'ts', 'commands', 'st', 'async', 'datetime', 'embed', 'discord', 'fromtimestamp', 'working', 'event', 'author', ""S'"", 'strftime', 'ctx', 'fmt', 'time', 'H', 'M']"
"['regex', 'python-3.x']","['w', 'sample', 're', 'b', 'findall', 'r', 'match', 'space', 'p', ""example'"", ""bexample'"", ""Shouldn't"", 'demo', 'neither', 'spaces', 'Because', 'nor', 's', 'matches', 'See']"
"['python', 'pandas', 'dataframe']","['Inc', 'AAA', 'df', 'cols', 'Symbol', 'BBB', 'Company', 'isin', 'ZZZ', 'FFF', 'Date', 'ID', 'A', 'Z', 'Value', 'F', 'merge', 'B', 'indicator', 'CCC']"
['python'],"['middle', 'list', 'Line', 'List', 'length', 'word', 'index', 'len', 'li', 'even', 'Two', 'Four', 'result', 'split', 'Three', 'Convert', 'number', 'line', 'end', 'count']"
"['python', 'rabbitmq', 'pika']","['connection', 'pika', 'SelectConnection', 'asynchronous', 'channel', 'Pika', 'BlockingConnection', 'guest', 'RabbitMQ', 'declared', 'adapter', 'Step', 'routing', 'parameters', 'programming', 'exchange', 'publish', 'adapters', 'delivery', 'BasicProperties']"
"['python', 'mysql', 'scrapy']","['rate', 'currency', 'exchange', 'item', 'scrapy', 'rates', 'self', 'currencyl', 'curr', 'EurotocurrencyItem', 'tb', 'Field', 'xpath', 'mysql', 'conn', 'euro', 'europa', 'Currency', 'ecb', 'eu']"
"['python', 'camera-calibration']","['cv', 'np', 'zeros', 'CHECKERBOARD', 'CALIB', 'OK', 'img', 'fisheye', 'rvecs', 'tvecs', 'N', 'TERM', 'objpoints', 'corners', 'CRITERIA', 'dtype', 'shape', 'gray', 'float', 'omAll']"
"['python', 'python-2.7', 'amazon-web-services', 'aws-lambda']","['NAT', 'boto', 'lambda', 'VPC', 'Internet', 'Lambda', 'deployed', 'Gateway', 'AWS', 'invoke', 'Edit', 'urllib', 'response', 'public', 'subnet', 'route', 'IP', 'client', 'appear', 'private']"
"['python-3.x', 'akamai']","['sess', 'ak', 'headers', 'payload', 'bot', 'sensor', 'abck', 'BotDetector', 'generatesensordata', 'cookie', 'd', 'verify', 'timeout', 'post', 'status', 'akamai', 'botdetector', 'footlocker', 'bypass', 'url']"
"['python', 'callback', 'kivy', 'kivy-language']","['callback', 'MDFloatingActionButtonSpeedDial', ""python'"", ""php'"", 'Kv', 'KV', ""cpp'"", 'dial', 'Builder', 'kivymd', 'Quick', 'buttons', 'MDApp', 'floating', 'app', 'data', 'speed', 'action', 'separate', 'tell']"
['python'],"['measurement', 'command', 'enter', 'movements', 'continuously', 'car', 'waiting', 'measure', 'taken', 'press', 'sensor', 'pi', 'screen', 'continue', 'once', 'whether', 'even', 'its', 'How', ""don't""]"
"['python', 'pandas', 'list', 'dataframe', 'extract']","[""Address'"", 'St', 'Dallas', 'Purchase', 'TX', 'data', 'Address', 'split', 'city', 'looks', 'st', 'tutorial', 'all', 'str', 'apply', 'drop', 'comparable', 'vp', 'deals', 'effort']"
"['python', 'django', 'django-models', 'django-rest-framework']","['password', 'user', 'email', 'User', 'self', 'phone', 'birth', 'admin', 'date', 'models', 'forms', 'username', ""birth'"", 'CharField', ""name'"", 'fieldsets', 'fields', ""com'"", 'objects', 'assertFalse']"
"['python-3.x', 'apache', 'flask', 'deployment', 'wsgi']","['hr', 'estudent', 'ja', 'maktivnosti', 'backend', 'www', 'var', 'wsgi', 'letsencrypt', 'activate', 'pem', 'Apache', 'virtualenvs', 'tbfZiu', 'HOST', 'mod', 'application', 'log', 'live', 'sys']"
['python-3.x'],"['val', 'house', 'property', 'lines', 'valn', 'building', 'flat', 'red', 'CSV', 'color', 'department', 'header', 'blue', 'type', 'split', 'colnames', 'colname', 'res', 'line', 'enumerate']"
"['python', 'django', 'django-models']","['manage', 'migrate', 'makemigrations', 'py', 'models', 'db', 'django', 'OperationalError', 'founder', 'runserver', 'python', 'model', 'blank', 'CharField', 'traceback', 'migrations', 'delete', 'commands', 'forms', 'such']"
"['python', 'machine-learning', 'scikit-learn', 'logistic-regression']","['predicts', 'ds', 'logreg', 'C', 'Y', 'Still', 'downsampled', 'Idea', 'solvers', 'datapoints', 'ridiciously', 'train', 'X', 'still', 'gone', 'pred', 'LogisticRegression', ""I've"", 'model', 'whatever']"
"['python', 'keras', 'neural-network']","['online', 'model', 'natalia', 'keras', 'batch', 'Activation', 'samples', 'train', 'add', 'Dense', 'BatchNormalization', 'grouped', 'shape', 'training', 'binary', 'nb', 'Dropout', 'classification', 'layer', 'input']"
"['python', 'pandas', 'merge']","['Rates', 'Bonds', 'Equity', 't', 'dr', 'EUR', 'asset', 'USD', 'maptable', 'cols', 'target', 'GBP', 'currency', 'NaN', 'o', 'df', 'combo', 'cc', 'merge', 'dl']"
"['google-cloud-platform', 'python-requests', 'google-cloud-functions']","['CLOUD', 'MY', 'FUNCTON', 'gcloud', 'requests', 'URL', 'within', 'url', 'call', 'Cloud', 'credentials', 'permission', 'somehow', 'Google', 'data', 'passing', 'assuming', 'note', 'via', 'Your']"
"['python', 'flask', 'flask-wtforms']","['form', 'control', 'div', 'post', 'priority', 'invalid', 'posted', 'class', 'db', 'date', 'lg', 'span', 'reported', 'status', 'assigned', 'nullable', 'title', 'Column', 'errors', 'description']"
"['python', 'amazon-web-services', 'amazon-s3']","['canonical', 'region', 'amz', 'headers', ""n'"", 'service', 'querystring', 'sign', 'key', 'credential', 'token', 'signature', 'date', 'host', 'signing', 'matches', 'k', 'session', 'hashlib', 'signed']"
"['python-3.x', 'image-processing', 'scikit-image']","['img', 'np', 'xc', 'yr', 'lb', 'res', 'mask', 'astype', 'gamma', 'uint', 'skimage', 'alpha', 'rr', 'ctr', 'label', 'beta', 'center', 'iterations', 'filters', 'contour']"
"['python', 'math', 'sympy']","['N', 'vector', 'scalar', 'vec', 'sympy', 'CoordSys', ""BaseVector'"", 'type', 'vectors', 'j', 'Vector', ""VectorAdd'"", 'D', 'class', 'basis', 'b', 'y', 'k', 'x', 'product']"
"['python', 'microsoft-teams']","['pymsteams', 'Assigments', 'smth', 'Teams', 'grab', 'Am', 'messages', 'lists', 'writing', 'library', 'over', 'right', 'write', 'all', 'think', 'Is', 'way', 'just', 'there', 'trying']"
"['python', 'opencv', 'gpu']","['cuda', 'cv', 'getCudaEnabledDeviceCount', 'count', 'opencv', 'installed', 'Tested', 'CUDA', 'throws', 'getBuildInformation', 'GPU', 'enabled', 'devices', 'installation', 'handling', ""there's"", 'cases', 'built', 'return', 'tried']"
"['python', 'python-3.x', 'pandas', 'python-2.7']","['Physics', 'Science', 'Stu', 'diff', 'student', 'Maths', 'id', 'subject', 'compare', 'stu', 'maths', 'stud', 'comparison', 'utput', 'flags', 'moving', 'flag', 'Suppose', 'then', 'score']"
"['python', 'numpy', 'vectorization']","['array', 'care', 'np', 'element', 'million', 'substracts', ""element's"", 'D', 'slicing', 'vectorize', 'adds', 'double', 'about', 'suggested', 'expect', 'operation', 'will', 'comment', 'means', 'previous']"
"['python', 'scikit-learn', 'nlp', 'similarity']","['title', 'similarity', 'sim', 'jaccard', 'jacc', 'str', 'sampleString', 'integer', 'similar', 'texts', 'compare', 'b', 'string', 'similarities', 'SequenceMatcher', 'titles', 'len', 'String', 'c', 'intersection']"
"['python', 'encoding']","['cash', 'register', 'line', 'journal', 'kind', 'lines', 'encoding', 'file', 'XJD', 'ASII', 'configuring', 'Journal', 'hundred', 'necesarily', 'Changing', 'Log', 'skip', 'readline', 'UTF', 'rstrip']"
"['python', 'arrays', 'numpy']","['J', 'array', 'np', 'reshape', 'x', 'K', 'transformed', 'forums', 'dimensions', 'ravel', 'inner', 'concatenate', 'dot', 'dtype', 'follows', 'A', 'object', 'avail', 'surrounding', 'embarrassingly']"
"['python', 'database', 'flask', 'db2', 'ibm-cloud']","['cloud', 'IBM', 'sqlite', 'Cloud', 'app', 'ML', 'conn', 'predictions', 'machine', 'perform', 'Flask', 'local', 'database', 'warehouse', 'Toolchain', 'Db', 'NoSQL', 'tableOne', 'resource', 'Cloudant']"
"['python', 'scikit-learn']","['sklearn', 'Situation', 'restarted', 'IDLE', 'Closed', 'kept', 'Studio', 'Visual', 'question', 'At', 'installation', 'ModuleNotFoundError', 'downloaded', 'fixed', 'Trying', ""it's"", 'Overflow', 'shell', 'Stack', 'topic']"
"['python', 'python-3.x', 'timeout']","['timeout', 'var', 'expiry', 'value', 'vars', 'ExpiringDict', 'time', 'self', 'TimeoutVar', 'sleep', 'None', 'expiringdict', 'package', 'timer', 'install', 'variable', 'hello', 'deleted', 'max', 'after']"
"['python', 'numpy', 'matplotlib']","['aspect', 'imshow', 'interpolation', 'random', 'rand', 'figsize', 'plt', 'figure', 'equal', 'matplotlibrc', 'xx', 'ratio', 'ax', 'np', 'pyplot', 'matplotlib', 'matplotlip', 'adapt', 'Matlab', 'baxxx']"
"['python', 'python-2.7', 'division']","['division', 'integers', 'floor', 'dividing', 'float', 'Python', 'precise', 'behaviour', 'casting', 'Will', 'Adding', 'reasons', 'away', ""That's"", 'ex', 'default', 'fact', 'regular', 'defaults', 'difference']"
"['python', 'pycharm', 'anaconda', 'conda', 'cufflinks']","['conda', 'Interpreter', 'forge', 'cufflinks', 'Settings', 'Project', 'install', 'Projects', 'anaconda', 'Pycharm', 'interpreter', 'choose', 'System', 'After', 'click', 'package', 'c', 'Python', 'cf', 'minute']"
"['python', 'text-parsing', 'nltk', 'chunking']","['chunked', 'NP', 'nltk', 'tokens', 'chunker', 'RegexpParser', 'JJ', 'V', 'NN', 'chunk', 'n', 'sent', 'DT', 'grammar', 'token', 'req', 'IN', 'parse', 'leaf', 'tree']"
"['python', 'tensorflow', 'keras', 'deep-learning', 'tensorflow2.0']","['metric', 'ops', 'metrics', 'names', 'slim', 'streaming', 'contrib', 'tuples', 'tensorflow', 'aggregate', 'labels', 'Slim', 'mean', 'predictions', 'tf', 'weights', 'map', 'TF', 'update', 'TensorFlow']"
"['python', 'python-3.x', 'nltk']","['nltk', 'downloader', 'upgrade', 'version', 'ntlk', 'newer', 'ParseError', 'RUN', 'punkt', 'unclosed', 'ElementsTree', 'build', 'throwing', 'etree', 'causing', 'executing', 'docker', 'While', 'xml', 'token']"
"['python', 'django']","['article', 'language', 'django', 'articles', 'response', 'shortcuts', 'home', 'test', 'views', ""us'"", 'Article', 'py', 'render', 'urls', 'Django', 'request', 'COOKIES', 'pdb', 'debugger', 'settings']"
['python-3.x'],"['paths', 'node', 'path', 'link', 'specifiedLength', 'Route', 'links', 'newpath', 'linkDict', 'newpaths', 'nodes', 'dict', 'selected', 'outputs', 'valid', 'four', 'recognized', 'whenever', 'Running', 'specified']"
"['python', 'apache-spark']","['spark', 'model', 'rdd', 'conf', 'eventLog', 'ANN', 'Activation', 'Dense', 'SparkModel', 'SparkConf', 'eventLogging', 'elephas', 'keras', 'SparkContext', 'sc', 'opt', 'Applications', 'interface', 'add', 'enabled']"
"['python-3.x', 'scikit-image', 'random-walk', 'expectations', 'pyamg']","['sparse', 'labels', 'mask', 'L', 'isolated', 'O', 'np', 'seeds', 'lap', 'inter', 'A', 'intra', 'prob', 'cg', 'indices', 'Download', 'B', 'gradients', 'omega', 'weights']"
"['python', 'python-3.x', 'sorting']","['winners', 'z', 'Assign', 'Write', 'Z', 'switch', ""shouldn't"", 'sorted', 'reverse', 'last', 'w', 'list', 'sort', 'name', 'order', 'variable', 'by', 'n', 'A', 'now']"
"['python', 'rdkit', 'molecule', 'cheminformatics']","['mol', 'smiles', 'adjacency', 'SMILES', 'matrix', 'CC', 'nx', 'graph', 'atom', 'pysmiles', 'graphs', 'networkx', 'weight', 'C', 'vector', 'c', 'MolFromSmiles', 'Nc', ""Davide's"", 'rdkit']"
"['python', 'pandas', 'dataframe']","['cls', 'BAGS', 'bag', 'DfConsts', 'NaN', 'NAMES', 'planes', 'bags', 'item', 'pods', 'classmethod', 'df', 'ASSIGNED', 'BAG', ""bag'"", 'assign', 'mask', 'items', 'assigned', 'contains']"
"['python', 'python-3.x', 'function', 'if-statement', 'while-loop']","['multiplier', 'multiplication', 'x', 'Should', 'table', 'result', 'loop', 'number', 'Increment', 'Only', 'str', 'additional', 'break', 'Initialize', 'while', 'starting', 'condition', 'through', 'print', 'exit']"
"['python', 'matplotlib']","['savefig', 'scatter', 'path', 'minus', 'os', 'smogn', 'forecasts', 'folder', 'output', 'AppData', 'Programs', 'cross', 'Local', 'Users', 'File', 'bisector', 'model', 'plt', 'matplotlib', 'validation']"
"['python', 'matplotlib', 'plot', 'seaborn']","['sns', 'ax', 'xticklabels', 'facetplot', 'g', 'palette', 'col', 'year', 'axis', 'versus', 'cubehelix', 'Occupation', 'FacetGrid', 'assortment', 'Primary', 'sharey', 'plotting', 'specialties', 'lineplots', 'rotation']"
"['python', 'neural-network', 'one-hot-encoding']","['OHE', 'poker', 'hand', 'ranking', 'feature', 'meaning', 'flush', 'classification', 'royal', 'rank', 'hands', 'nn', 'performs', 'classifier', 'category', 'probability', 'better', 'lot', 'did', 'you']"
"['python', 'django', 'sorting']","['A', 'Foo', 'sort', 'ordering', 'Lower', 'AreaDesk', 'human', 'l', 'o', 'name', 'objects', 'operator', 'order', 'attrgetter', 'Desk', 'attribute', 'B', 'key', 'result', 'alpha']"
"['python', 'multithreading', 'python-requests']","['url', 'concurrent', 'future', 'time', 'urls', 'timeout', 'TIMEOUT', 'tlds', 'CONNECTIONS', 'futures', 'data', 'json', 'response', 'exc', 'executor', 'connections', 'headers', 'str', 'i', 'testing']"
"['python-3.x', 'nlp', 'spacy']","['abbreviation', 'acronyms', 'tok', 'nlp', 'expanded', 'MS', 'SO', 'Microsoft', 'abbreviations', 'altered', 'spacy', 'abrv', 'pipe', 'text', 'doc', 'scispacy', 'heuristic', 'professional', 'rocks', 'AbbreviationDetector']"
"['python', 'pandas', 'machine-learning', 'scikit-learn']","['predict', 'test', 'X', 'logreg', 'train', 'tset', 'sklearn', 'y', 'regression', 'LogisticRegression', 'model', 'probability', 'iloc', 'binary', 'row', 'Output', 'forest', 'outcome', 'somewhat', 'proba']"
"['python', 'simulation', 'orbital-mechanics']","['xEar', 'k', 'yEar', 'rEar', 'vyEar', 'N', 'dt', 'mu', 'vxEar', 'orbit', 'AU', 'plt', 'zeros', 'np', 'Earth', ""positon'"", 'earth', 'sun', 'plot', 'marker']"
"['python', 'python-3.x', 'sqlite', 'pyqt5', 'qcombobox']","['marks', 'connection', 'row', 'learner', 'combo', 'number', 'self', 'table', 'data', 'enumerate', 'query', 'QTableWidgetItem', 'QComboBox', 'currentText', 'STREAM', 'setRowCount', 'Sqlite', 'Somebody', 'mydb', 'setItem']"
"['python', 'python-3.x', 'matplotlib', 'matplotlib-basemap']","['bins', 'area', 'year', 'iso', 'colors', 'years', 'ax', 'df', 'countries', 'plt', 'fig', 'mpl', 'land', 'color', 'legend', 'cmap', 'gc', ""f'Forest"", 'pc', 'patches']"
"['python', 'pandas', 'machine-learning', 'random-forest']","['rfc', 'model', 'X', 'test', 'predict', 'RandomForestClassifier', 'predictions', 'intermediate', 'estimators', 'fitting', 'columns', 'n', 'target', 'Y', 'survived', 'boosts', 'Titanic', ""EdChum's"", 'kaggle', 'titanic']"
"['python', 'i2c', 'beagleboneblack']","['datasheet', 'bytes', 'sensor', 'Beaglebone', 'xB', 'CO', 'ams', 'Linux', 'reading', 'GPIO', 'resistance', 'beaglebone', 'CORE', 'Fri', 'bus', 'TVOC', 'Ideally', 'wire', 'Black', 'cdetect']"
"['python', 'laravel', 'docker', 'docker-compose']","['docker', 'compose', 'Hire', 'abdullah', 'rw', 'Documents', 'G', 'MYSQL', 'home', 'networks', 'unless', 'stopped', 'volumes', 'redis', 'cli', 'restart', 'app', 'laravel', 'healthcheck', 'retries']"
"['python', 'csv', 'formatting']","['hsi', 'replace', 'data', 'sign', 'remove', 'Planet', ""Capita'"", 'capita', 'GDP', 're', 'sub', 'regex', 'Happy', 'csv', 'columns', 'integer', 'z', 'x', 'detecting', 'isnt']"
"['python', 'json', 'flask']","['quiz', 'boy', 'returned', ""boy's"", ""id'"", 'answer', 'json', 'data', ""hotel'"", ""house'"", ""Boy'"", 'pull', ""oid'"", 'comp', 'eab', 'lived', ""title'"", 'eae', 'jumper', 'gloves']"
"['python', 'scikit-learn']","['score', 'Score', 'randomsearch', 'search', 'model', 'random', 'train', 'training', 'best', 'param', 'X', 'iter', 'grid', 'y', 'increasing', 'hyper', 'rgr', 'unseen', 'RandomizedSearchCV', 'n']"
"['python', 'python-3.x', 'matplotlib', 'matplotlib-basemap']","['m', 'color', 'lats', 'lons', 'Fill', 'fillcontinents', 'zorder', 'scatter', 'appear', 'drawcoastlines', 'continents', 'globe', 'urcrnrlat', 'llcrnrlon', 'urcrnrlon', 'lake', 'epsg', 'resolution', 'llcrnrlat', 'drawcountries']"
"['python', 'algorithm', 'networking', 'sdn']","['datacenter', 'SDN', 'consumption', 'tool', 'power', 'network', 'project', 'What', 'about', 'do', 'have', 'that', 'is', 'a', 'in', 'the', 'I']"
"['python', 'mysql', 'list', 'mysql-python', 'mysql-connector']","['WHERE', 'MySQL', 'query', 'SELECT', 'ratio', 'FROM', 'l', 'table', 'connector', 'MAX', 'List', 'cursor', 'execute', 'insert', 'Python', 'database', 'following', 'b', 'order', 'id']"
"['python', 'python-3.x', 'python-multiprocessing', 'multiprocessing-manager']","['list', 'multiprocessing', 'm', 'p', 'initialized', 'mydef', 'modify', 'my', 'final', 'n', 'nThe', 'anymore', 'multiprocess', ""manager's"", 'dissociated', 're', 'older', 'held', 'till', 'exits']"
"['python', 'user-interface', 'pyqt5', 'refresh']","['self', 'gridLayout', 'buttonList', 'signal', 'button', 'MainWindow', 'counter', 'QPushButton', 'setUI', 'updatebutton', 'buttons', 'PyQt', 'sys', 'emit', 'timer', 'window', 'refresh', 'increase', 'ms', 'j']"
['python'],"['pyautogui', 'keyboard', 'exit', 'sys', 'PAUSE', 'moveTo', 'pressed', 'click', 'os', 'p', 'currentMouseX', 'potwierd', 'currentMouseY', 'screenWidth', 'potwierdz', 'screenHeight', 'clicker', 'typewrite', 'druzyne', 'multithreaded']"
"['python', 'pandas', 'web-scraping', 'lxml']","['Statistics', 'Systems', 'Statisti', 'Research', 'Data', 'page', 'per', 'payload', 'items', 'content', 'options', 'D', 'B', 'url', 'table', 'Contract', 'cmslink', 'links', 'Enrollment', 'dlf']"
"['python', 'pandas', 'dataframe']","['release', 'sort', 'sorting', 'df', 'floats', 'argsort', 'count', 'dataframe', 'values', 'iloc', 'level', 'positions', 'column', 'based', 'way', 'converted', 'recommended', 'ordering', 'astype', 'above']"
"['python', 'matplotlib', 'plot', 'time-series', 'sample']","['signal', 'mm', 'hh', 'uploaded', 'ss', 'PPG', 'consists', 'continuous', 'collected', ""t'"", 'columns', 'StringIO', 'somebody', 'taken', 'df', 'seconds', 'Time', 'hour', 'sep', 'decode']"
"['python', 'django', 'ajax', 'methods', 'get']","['UrlCut', 'request', 'Messages', 'Site', 'context', 'GET', 'Messags', 'NewsMessage', 'functionAjax', 'htmlMain', 'moved', ""Data'"", 'ajax', 'value', 'POST', 'views', 'had', 'py', 'someone', ""html'""]"
"['python', 'pandas']","[""pop'"", 'M', 'Cases', 'non', 'null', 'pop', 'per', 'xa', ""Other'"", ""Critical'"", 'columns', 'float', 'df', 'NaN', 'x', 'NewDeaths', 'TotalDeaths', 'ActiveCases', 'Tests', 'TotalCases']"
"['python', 'list']","['Family', 'membersList', 'familyClass', 'self', 'Enter', 'getName', 'getAddress', 'setName', 'getAge', 'getPhone', 'phone', 'bound', 'index', 'age', 'Methods', 'family', 'address', 'def', 'method', 'input']"
"['python', 'machine-learning', 'pca']","['variance', 'pcaObj', 'PCA', 'components', 'explained', 'ratio', 'X', 'features', 'pca', 'variances', 'Recovering', 'sklearn', 'train', 'names', 'us', 'believe', 'transform', 'answers', 'index', 'match']"
"['python', 'machine-learning', 'neural-network', 'xor']","['inputs', 'j', 'outputs', 'hnodes', 'sum', 'hidden', 'onodes', 'localG', 'range', 'final', 'training', 'wih', 'inodes', 'append', 'i', 'who', 'h', 'activation', 'op', 'bias']"
"['python', 'csv']","['tabulate', 'writer', 'extensions', 'csv', 'csvfile', 'dll', 'write', 'os', 'headers', 'C', 'necessary', 'content', 'self', 'file', 'text', 'WinBrowsers', 'Micro', 'Docs', 'FAE', 'ieframe']"
"['python-3.x', 'windows', 'postgresql']","['engine', 'flight', 'sqlalchemy', 'flights', 'origin', 'scoped', 'getenv', 'sessionmaker', 'create', 'DATABASE', 'instantiate', 'destination', 'plugins', 'anaconda', 'duration', 'Users', 'os', 'File', 'session', 'py']"
"['python', 'pandas', 'join', 'merge']","['df', 'merge', 'pd', 'dfs', 'columns', 'index', 'gf', 'DataFrame', 'join', 'np', 'dfDict', 'outDf', 'attr', 'onCols', 'dataframes', 'randn', 'size', 'random', 'naFill', 'GenDf']"
"['python', 'django', 'email', 'smtp']","['ADMINS', 'SMTP', 'settings', 'emails', 'AdminEmailHandler', 'EMAIL', 'tls', 'HOST', 'email', 'self', 'mail', 'connection', 'host', 'username', 'port', 'django', 'password', 'include', 'backend', 'smtp']"
"['python', 'html', 'web-scraping']","['table', 'headings', 'coronatracker', 'Scrapped', 'beautifulsoup', 'pointing', 'find', 'html', 'contents', 'bs', 'scrape', 'soup', 'printing', 'url', 'BeautifulSoup', 'tables', 'website', 'body', 'read', 'reading']"
"['python', 'html', 'pelican']","[""css'"", ""ico'"", 'verification', 'HTML', 'site', 'EXTRA', 'METADATA', 'PATHS', 'PATH', 'STATIC', 'static', ""txt'"", 'directory', 'html', 'robots', ""CNAME'"", ""LICENSE'"", 'Pelican', ""README'"", 'page']"
"['python', 'unicode', 'encoding', 'position', 'substring']","['ud', 'STING', 'THIS', 'testfile', 'f', 'encoding', 'Kan', 'udde', 'Offizielle', 'le', 'GET', 'c', 'text', 'u', 'open', 'index', 'JSON', 'json', 'io', 'Emoji']"
"['python', 'pytorch', 'tensor']","['torch', 'stack', 'b', 'dim', 'Size', 'unsqueeze', 'shape', 'randn', 'tensors', 'stacked', 't', 'dimensions', 'pytorch', 'tensor', 'cat', 'Stacking', ""arjoonn's"", 'same', 'dimension', 'size']"
"['python', 'csv']","['csv', 'writer', 'tabulate', 'file', 'writerows', 'CSV', 'CFBFAE', 'extensions', 'header', 'w', 'Microsoft', 'data', 'Windows', 'output', 'text', 'open', 'certainly', ""Python's"", 'tablefmt', 'Tabulate']"
"['python', 'apache-spark', 'pyspark', 'hdfs']","['wav', 'wave', 'audio', 'files', 'open', 'user', 'LSCproject', 'AKGC', 'hdfs', 'Al', 'mc', ""wav'"", 'File', 'Database', 'usr', 'L', 'master', 'txt', 'py', 'f']"
"['python', 'graphviz', 'pydot']","['graph', 'dot', 'pydotplus', 'display', 'Image', 'names', 'details', 'graphviz', 'dtree', ""length'"", 'IPython', ""GraphViz's"", ""width'"", 'InvocationException', 'Closed', 'executables', 'filled', 'rounded', 'Above', 'export']"
"['python-2.7', 'rabbitmq', 'tornado', 'producer-consumer', 'pika']","['tornado', 'logging', 'clients', 'info', 'rmq', 'consumer', 'SocketHandler', 'websocket', 'pika', 'channel', 'self', 'remove', 'ioloop', 'IOLoop', 'credentials', 'callback', 'Thread', 'web', 'startTornado', 'threadRMQ']"
"['python', 'python-3.x', 'excel', 'openpyxl']","['sheet', 'wb', 'row', 'excel', 'font', 'highlight', 'openpyxl', 'filename', 'specific', 'rows', 'whenever', 'obj', 'cell', 'red', 'keyword', 'Highlight', 'coordinate', 'Current', ""Avg'"", 'Weekly']"
"['python', 'pandas', 'correlation']","['cor', 'features', 'G', 'relevant', 'target', 'school', 'correlated', 'higher', 'highly', 'course', 'Var', 'IndexingError', 'Medu', 'failures', 'corr', 'por', 'abs', 'Correlation', 'binario', 'Fedu']"
['python'],"['lowcas', 'uppcas', 'letter', 'sentence', 'lowercase', 'isupper', 'islower', 'pass', 'uppercase', 'while', 'letters', 'String', 'low', 'no', 'original', 'elif', 'trough', 'calculates', 'Closed', 'print']"
"['python', 'unit-testing', 'pytest']","['testmon', 'pytest', 'venv', 'project', 'File', 'test', 'json', 'lib', 'packages', 'line', 'encode', 'write', 'site', 'py', 'Library', 'dumps', 'python', 'fails', 'exception', 'core']"
"['python', 'xml']","['htmlId', 'minimumZoomEnabled', 'minimumZoomFactor', 'visibilityGroup', 'type', 'componentData', 'description', 'findall', 'xml', 'ElementTree', 'viewing', 'Shown', 'itemId', 'colorSet', 'itemName', 'ellipse', 'root', 'true', 'filter', 'false']"
"['python', 'algorithm']","['std', 'char', 'inp', 'O', 'characters', 'string', 's', 'aaaabbbccdbdbcd', 'i', 'int', 'str', 'c', 'prime', 'word', 'flags', 'character', 'limits', 'j', 'begin', 'numeric']"
"['python', 'pandas', 'numpy', 'dataframe']","['pandas', 'timeit', 'iat', 'performances', 's', 'std', 'dev', 'loops', 'ns', 'datetime', 'per', 'mean', 'runs', 'iloc', 'DataFrame', 'faster', 'numpy', 'acceptable', 'loop', 'loc']"
"['python', 'string', 'replace', 'biopython']","['dna', 'protein', 'Arg', 'Ser', 'Leu', 'sequence', 'Thr', 'Ala', 'Val', 'Gly', 'Pro', 'translate', 'mRNA', 'transcription', 'replication', 'n', 'STOP', 'Ile', 'maketrans', 'tcga']"
"['python-3.x', 'pandas', 'time-series', 'keyerror']","['lag', 'visits', 'df', 'Key', 'newly', 'shifts', 'data', 'calculate', 'Error', ""test'"", 'access', 'looks', 'iterated', 'dtypes', 'Loop', 'created', 'columns', 'Message', 'percentage', 'receive']"
"['python', 'tensorflow', 'machine-learning', 'computer-vision', 'object-detection-api']","['trained', 'predict', 'fer', 'seven', 'rcnn', 'objection', 'facial', 'image', 'model', 'expressions', 'TensorFlow', 'training', 'steps', 'API', 'faster', 'shown', 'dataset', 'results', 'anyone', 'why']"
"['python', 'tensorflow', 'keras']","['img', 'embeddings', 'image', 'label', 'labels', 'datagen', 'generator', 'input', 'BATCHSIZE', 'Y', 'model', 'dummy', 'preprocess', 'DIR', 'IMAGE', 'images', 'array', 'imgpath', 'imggen', 'valgen']"
"['python', 'bash', 'tkinter', 'kill', 'restart']","['lab', 'plug', 'temp', 'window', 'humidity', 'text', 'Label', 'grid', 'config', 'env', 'width', 'UI', 'row', 'h', 't', 'column', 'ImageTk', 'img', 'exp', 'off']"
"['python', 'regex', 'xml', 'error-handling', 'nonetype']","['fil', 'files', 'temp', 'total', 'doc', 'csv', 'perpX', 'recX', 'rdd', 'output', 'packs', 'outputX', 'var', 'raw', 'root', ""i'm"", 're', 'open', 'e', 'join']"
"['python', 'python-3.x', 'selenium', 'selenium-webdriver']","['webdriver', 'driver', 'chromedriver', 'selenium', 'Chrome', 'exe', 'chrome', 'F', 'www', 'org', 'http', 'pascal', 'miss', 'nvidia', 'INCORRECT', 'geforce', 'PROPER', 'buy', 'Chromedriver', 'Yor']"
"['python', 'mongodb', 'flask', 'sha512']","['form', 'signin', 'email', 'crypt', 'password', 'sha', 'flash', 'db', 'danger', 'page', 'user', 'template', 'render', ""html'"", 'scraping', 'please', 'login', 'request', 'route', 'correct']"
"['python', 'python-3.x']","['ws', 'websocket', 'message', 'LastOrder', 'schedule', 'thread', 'TimeDiff', 'Connect', 'close', 'seconds', 'on', 'wss', 'MexCoinsToMonitor', 'cfscrape', 'Printer', 'scheduled', 'realtime', 'WebSocketApp', 'bitmex', 'tradeStr']"
"['python', 'excel', 'openpyxl']","['workbook', 'worksheet', 'openpyxl', 'w', 'names', 'defined', 'Pivots', 'active', 'AttributeError', 'experiencing', 'NamedStyle', ""names'"", 'aaf', 'edbea', 'Saved', 'WPS', 'xlsx', 'everytime', 'styles', 'ipython']"
"['python', 'sql', 'django', 'django-models', 'database-design']","['models', 'Nutrient', 'NutrientProfile', 'fat', 'ingredient', 'max', 'CASCADE', 'null', 'blank', 'Ingredient', 'DecimalField', 'CharField', 'True', 'digits', 'OneToOneField', 'protein', 'decimal', 'nutrients', 'nutrient', 'unit']"
"['python', 'jquery', 'django', 'post', 'web-applications']","['email', 'password', 'request', 'form', 'POST', 'div', 'ajax', 'user', 'testapp', 'type', 'django', 'text', 'SignUpForm', 'User', 'button', 'models', 'views', 'id', 'script', 'name']"
"['python', 'selenium-webdriver']","['webdriver', 'chrome', 'callable', 'selenium', 'TypeError', 'Fix', ""chromedriver'"", 'Downloads', 'hamudsadek', 'typo', 'capital', 'answers', 'Whenever', ""That's"", 'browser', 'Chrome', 'object', 'hours', 'called', 'ago']"
"['python', 'video']","['track', 'duration', 'video', 'ffprobe', 'moviepy', 'clip', 'json', 'mp', 'subprocess', 'VideoFileClip', 'format', 'filename', 'Video', 'vid', 'codec', 'MediaInfo', 'pymediainfo', 's', 'type', 'fps']"
"['python', 'beautifulsoup', 'python-requests']","['table', 'NBA', 'basketball', 'leagues', 'html', 'stats', 'soup', 'loaded', 'tables', 'reference', 'content', 'com', 'URL', 'df', ""all'"", ""sortable'"", 'dynamically', 'PhantomJS', 'sites', 'www']"
"['python', 'python-3.x', 'list', 'tuples']","['transform', 'e', 'input', 'combination', 'elem', 't', 'hashtable', 'tuple', 'start', 'time', 'tuples', 'list', 'rev', 'sorted', 'end', 'res', 'alireza', 'redundancy', 'comb', 'otosm']"
"['python', 'opencv', 'trackbar']","['thresh', 'cv', 'canny', 'nlm', 'bino', 'window', 'source', 'callback', 'val', 'createTrackbar', 'cnt', 'contours', 'contourArea', 'getTrackbarPos', 'drawing', 'imgray', 'cnts', 'img', 'max', 'area']"
"['python', 'apache-spark', 'pyspark', 'apache-spark-sql', 'query-optimization']","['scala', 'spark', 'apache', 'org', 'Iterator', 'sql', 'at', 'pair', 'DAGScheduler', 'java', 'anonfun', 'collect', 'collection', 'execution', 'scheduler', 'udf', 'anon', 'Dataset', 'apply', 'Counter']"
"['python', 'pyppeteer']","['await', 'page', 'select', 'ItemA', 'waitFor', 'Drop', 'ListB', 'craw', ""B's"", 'waitForSelector', ""A's"", 'retrieved', 'pyppeteer', 'stucked', 'Did', 'waitForNavigation', 'ListA', 'boxs', 'dynamic', 'appreciate']"
"['python', 'python-3.x', 'pandas', 'dataframe']","['thisdict', 'thislist', 'df', 'DataFrame', 'pd', 'D', 'columns', 'A', 'filter', 'remove', 'reindex', 'drop', 'x', 'items', 'labels', 'We', 'item', 'c', 'Use', 'loc']"
['python'],"['subprocess', 'shell', 'gdb', 'cwd', 'command', 'runProcessNonBlocking', 'GDB', 'encoded', 'retcode', 'E', 'line', 'p', 'stdout', 'cmd', 'sys', 'interaction', 'bi', 'bufsize', 'directional', 'cannot']"
"['python', 'tensorflow', 'tensorflow2.0']","['tf', 'Variable', 'v', 'dtype', 'm', 'float', 'trainable', 'c', 'n', 'update', 'assign', 'ones', 'zeros', 'shaped', 'MxN', 'stores', 'given', 'shape', 'x', 'just']"
"['python', 'wxpython']","['wx', 'px', 'style', 'div', 'span', 'font', 'em', 'td', 'padding', 'tr', 'br', 'sans', 'serif', 'left', 'align', 'self', 'width', 'family', ""sans'"", 'margin']"
"['python', 'python-3.x']","['AddSub', 'myclass', 'self', 'y', 'block', 'x', 'class', 'instance', 'value', 'try', 'default', 'ch', 'global', 'num', 'argument', 'you', 'object', 'myAddSub', 'terminology', 'init']"
"['python', 'imbalanced-data', 'oversampling', 'imblearn', 'smote']","['Counter', 'smote', 'train', 'SMOTE', 'sm', 'y', 'oversampling', 'ibmlearn', 'imbalanced', 'oversample', 'sampling', 'even', 'X', 'odd', 'resample', 'distribution', 'strategy', 'expect', 'processing', 'little']"
"['python', 'python-sphinx', 'autodoc']","['namedtuple', 'owner', 'note', 'File', 'path', 'empty', 'noindex', 'aliases', 'adate', 'documented', 'inode', 'mdate', 'functions', 'rst', 'links', 'absolute', 'docstring', 'worth', 'duplicate', 'device']"
"['python', 'loops', 'matplotlib', 'plot', 'figure']","['o', 'sin', 'y', 'cos', 'x', 'z', 'pi', 'n', 'N', 'fig', 'ax', 'r', 'plt', 'yt', 'pltcono', 'xo', 'zt', 'xt', 'yo', 'math']"
"['image-processing', 'ocr', 'project', 'tesseract', 'python-tesseract']","['OCR', 'enhancement', 'preprocessing', 'Scheduling', 'Pill', 'pic', 'results', 'glad', 'tesseract', 'image', 'editable', 'average', 'Project', 'project', 'processing', 'helps', 'before', 'added', 'better', 'anyone']"
['python-3.x'],"['l', 'lst', 'p', 'str', 'separator', 'O', 'integers', 'details', 'OR', 'braces', 'Closed', 'print', 'join', 'ect', 'Space', 'question', 'square', 'simplest', 'matter', 'printing']"
"['python', 'php', 'web-applications', 'frameworks']","['framework', 'PHP', 'VS', 'responsibility', 'Request', 'huge', 'web', 'Python', 'application', 'server', 'request', 'need', 'which', 'or', 'for', 'a', 'I', 'the', 'to']"
"['python', 'string', 'compression']","['strl', 'n', 'r', 'd', 'i', 'len', 'compress', 'aux', 'm', 'im', 'while', 'dumb', 'abbbbabbbb', 'ababababababababab', 'aaaaaa', 'compressing', 'input', 'str', 'compressed', 'aa']"
"['python-3.x', 'python-3.6']","['abc', 'xyz', 'students', 'playing', 'B', 'student', 'el', 'txt', 'pqr', 'opt', 'class', 'INPUT', 'OUTPUT', 're', 'Xyz', 'finditer', 'Outputs', 'name', 'sentence', 'span']"
"['python', 'multithreading']","['loader', 'sample', 'tqdm', 'j', 'score', 'calculate', 'enumerate', 'funcion', 'love', 'parallel', 'i', 'minutes', 'd', ""Let's"", 'speed', 'generator', 'zeros', 'some', 'takes', 'say']"
"['python', 'string', 'pandas', 'dataframe', 'vlookup']","['Charges', 'Special', 'Misc', 'Parts', 'Handle', 'Table', 'Repair', 'Description', ""Charges'"", 'Chair', 'broken', ""Repair'"", 'Spare', ""Parts'"", 'Code', 'Chairs', 'VAT', 'table', 'Additional', 'Type']"
"['python', 'classification']","['enter', 'gnb', 'train', 'drop', 'description', 'fit', 'axis', 'dataset', 'here', 'image', 'model', 'df', 'y', 'output', 'x', 'code', 'this', 'the']"
['python'],"['planet', 'l', 'list', 'temp', 'extend', 'measurement', 'lst', 'output', 'readable', 'dict', 'k', 'x', 'guaranteed', 'mars', 'philosophy', 'dictionnary', 'temperatures', 'conforms', 'Hencefore', 'shouldn']"
"['python-3.x', 'jupyter-notebook']","['sort', 'sum', ""Announced'"", ""Cases'"", 'dfRajState', 'announced', 'values', 'groupby', 'performing', 'method', 'group', 'argument', 'gives', 'pass', 'then', 'added', 'simple', 'dataframe', 'doing', 'working']"
"['python', 'python-3.x']","['centre', 'age', 'enumerate', 'height', 's', 'certain', 'x', 'i', 'galaxy', 'pynbody', 'stars', 'heights', 'simulation', 'ages', 'intended', 'distance', 'less', 'select', 'at', 'second']"
"['python', 'django', 'djongo']","['Umar', 'AppData', 'Programs', 'Local', 'Python', 'Users', 'packages', 'File', 'site', 'lib', 'sql', 'models', 'djongo', 'C', 'django', 'py', 'mongo', 'self', 'db', 'line']"
"['python', 'numpy']","['x', 'normal', 'np', 'shape', 'random', 'size', 'y', 'z', 'reshape', 'array', 'indicate', 'dims', 'dimension', 'expand', 'which', 'additional', 'None', 'perhaps', 'accomplish', 'we']"
"['python', 'performance', 'list', 'dictionary']","['sth', 'timeit', 'dict', 'foo', 'list', 'dis', 'bar', 'map', 'In', 'object', 'lambda', 'empty', 'VALUE', 'denotes', 'dicts', 'mydict', 'x', 'bracket', 'RETURN', 'AB']"
"['python', 'python-imaging-library']","['drive', 'colab', 'glob', 'google', 'filename', 'img', 'Image', 'plt', ""drive'"", 'pylab', 'mount', 'iglob', 'Cats', 'Drive', 'Notebooks', 'content', 'Colab', ""jpg'"", 'import', 'PIL']"
['python'],"['Compat', 'No', 'same', 'This', 'genders', 'ages', 'agecompat', 'gencompat', 'j', 'false', 'la', 'index', 'iterrows', 'not', 'lg', 'true', 'lookings', 'readCSV', 'csvfile', 'gender']"
"['python', 'terminal', 'process', 'visible']","['logfile', 'redirection', 'Pi', 'program', 'rc', 'output', 'local', 'pa', 'cheers', 'straight', 'lite', 'Ulrich', 'headless', 'started', 'linux', 'write', 'must', 'sometimes', 'Search', 'Linux']"
"['python', 'function', 'methods', 'split', 'sentence']","['poem', 'apples', 'inStr', 'oranges', 'pie', 'el', 'paragraph', 'We', 'format', 'like', 'split', 't', 'sentence', 'You', 'universally', 'Alternatively', 'lies', 'Say', 'inside', 'replace']"
"['python', 'machine-learning', 'keras', 'neural-network', 'tensorflow2.0']","['loss', 'tf', 'models', 'train', 'gradients', 'seq', 'weights', 'tape', 'reg', 'l', 'dataset', 'keras', 'pred', 'losses', 'layers', 'trainable', 'step', 'labels', 'EPOCHS', 'MyModel']"
"['python', 'django', 'django-models', 'foreign-keys', 'django-related-manager']","['parent', 'models', 'Restaurant', 'related', 'restaurant', 'id', ""type'"", 'null', ""id'"", 'Model', 'pydevd', ""code'"", 'Nerd', 'Direct', 'myvirtualenv', 'RestaurantType', 'DefaultColumns', 'prohibited', 'prop', 'db']"
"['python', 'evdev']","['effect', 'ff', 'rumble', 'L', 'ecodes', 'evdev', 'FF', 'dev', 'EV', 'capabilities', 'EffectType', 'InputDevice', ""MIN'"", 'magnitude', 'buffer', 'repeat', 'device', 'upload', 'duration', 'ms']"
"['python', 'mysql', 'sql', 'pandas', 'sqlalchemy']","['Link', 'Diameter', 'SPS', 'lnk', 'bskhdea', 'BSKHDEA', 'mbhdra', 'bskhdra', 'bvhdra', 'name', 'database', 'True', 's', 'engine', 'sqlalchemy', 'SQL', 'glob', 'ip', 'ProgrammingError', 'SqlAlchemy']"
['python'],"['num', 'Enter', 'exponent', 'nr', 'pow', 'math', 'func', 'int', 'power', 'input', 'str', 'cast', 'rum', 'functionthat', 'Whenever', 'displays', 'real', 'thing', 'integer', 'probably']"
"['python', 'pandas']","['iso', 'df', 'pyenv', 'countries', 'getitem', 'codes', 'versions', 'dropna', 'bins', 'indexer', 'loc', 'indexing', 'Users', 'colors', 'mpl', 'ax', 'axis', 'KeyError', 'area', 'color']"
"['python', 'discord.py']","['delay', 'command', 'bot', 'message', 'cool', 'discord', 'during', 'attempts', 'between', 'saying', 'individual', 'async', 'greatly', 'commands', 'long', 'appreciated', 'down', 'event', 'client', 'left']"
"['python', 'twisted', 'twisted.internet']","['protocol', 'client', 'MyServerFactory', 'self', 'reactor', 'factory', 'twisted', 'users', 'port', 'listenTCP', 'buildProtocol', 'connected', 'msg', 'counter', 'server', 'internet', 'Factory', 'MyServer', 'stuff', 'application']"
"['ipython', 'jupyter-notebook', 'jupyter']","['cell', 'cells', 'stop', 'interrupt', 'executed', 'ctrl', 'press', 'Ctrl', 'Kernel', 'execution', 'comment', 'SystemExit', 'kernel', 'remaining', 'running', 'execute', 'all', 'empty', 'killing', 'Esc']"
"['python', 'django', 'heroku']","['remote', 'contrib', 'middleware', 'BASE', 'static', 'os', 'DIR', 'ROOT', 'wsgi', 'heroku', 'settings', 'auth', 'STATIC', 'djangoproject', 'storage', 'cloudinary', 'processors', 'STORAGE', 'path', 'validation']"
"['python', 'flask', 'discord.py']","['decorator', 'book', 'self', 'function', 'decorators', 'matrix', 'decorated', 'multiplication', 'func', 'syntax', 'bar', 'def', 'matmul', 'y', 'symbol', 'method', 'we', 'class', 'dot', 'foo']"
"['python', 'django', 'pycharm', 'jetbrains-ide']","['PyCharm', 'support', 'gradually', 'loving', 'Unexpected', 'edition', 'underline', 'community', 'Token', 'DOCTYPE', 'IDE', 'least', 'best', 'provide', 'red', 'framework', 'free', 'Why', 'shows', 'am']"
"['python', 'django', 'django-forms', 'django-templates']","['grades', 'grade', 'Unique', 'div', 'motto', 'models', 'pupil', 'unique', 'null', 'nums', 'id', 'h', 'class', 'request', 'cform', ""year'"", ""grades'"", 'label', 'CharField', 'g']"
"['python', 'python-3.x', 'cvxpy']","['Z', 'W', 'cp', 'R', 'i', 'const', 'rand', 'X', 'np', 'c', 'A', 'PSD', 'bmat', 'LMI', 'constraints', 'cvxpy', 'random', 'Variable', ""Isn't"", 'constraint']"
"['python', 'unzip']","['path', 'os', 'files', 'zip', 'file', 'exten', 'unzip', 'exists', 'splitext', 'basename', 'r', 'f', 'folder', 'directories', 'printdir', 'ZipFile', 'unzipped', 'ZIP', 'extractall', 'mkdir']"
"['python', 'image-segmentation', 'scikit-image']","['details', 'ihave', 'Closed', 'jupyter', 'skimage', 'segmentation', 'ModuleNotFoundError', 'notebook', 'terminal', 'clarity', 'clarify', 'machine', 'editing', 'task', 'perform', 'question', ""It's"", 'Add', 'accepting', 'hours']"
"['python', 'pygame']","['pygame', 'ball', 'self', 'size', 'y', 'screen', 'ballList', 'draw', 'background', 'Ball', 'radius', 'x', 'display', 'event', 'GreenBall', 'timer', 'game', 'circle', 'grow', 'randint']"
"['python', 'python-3.x', 'generator', 'retry-logic', 'tenacity']","['retry', 'Tenacity', 'tenacity', 'generator', 'yield', 'wait', 'Exception', 'annotations', 'something', 'generators', 'exponential', 'exceptions', 'gen', 'ex', 'bar', 'itself', 'foo', 'calling', 'test', 'plans']"
"['python', 'tkinter']","['selectedShapeMod', 'chosenShape', 'finalShape', 'enterRGB', 'baseOrAddon', 'shapeSelect', 'tkinter', 'showerror', 'global', 'messagebox', 'window', 'place', 'smallChildren', 'CENTER', 'sColor', 'asR', 'showed', 'checkR', 'Radiobutton', 'bsR']"
"['python', 'html', 'forms', 'browser']","['form', 'num', 'input', 'html', 'Number', 'sudoku', 'label', 'Test', 'template', 'request', 'Enter', 'submit', 'flask', 'CGI', ""input'"", 'Flask', 'page', 'browser', 'number', 'app']"
"['python', 'sleep', 'delayed-execution', 'sleep-mode']","['seconds', 'text', 'keypress', 'quest', 'slowtext', 'game', 'delay', 'stdout', 'through', 'sleep', 'sys', 'anything', 'again', 'tedious', 'messed', 'pupname', 'express', 'Barn', 'nAfter', 'nWhat']"
"['python', 'csv', 'dictionary']","['temp', 'E', 'CSV', 'file', 'writer', 'list', 'csv', 'key', 'followers', 'friends', 'uploading', 'than', 'keys', 'GB', 'twitter', 'newline', 'ids', 'extremely', 'writerow', 'value']"
"['python', 'flask', 'pycharm']","['bat', 'project', 'answers', 'APIs', 'university', 'folders', 'BAT', 'make', 'Pycharm', 'file', 'imports', 'export', 'conversion', 'Creating', 'Flask', ""I'd"", 'lot', 'hours', 'Python', 'possible']"
